{"train_accuracy": [0.7857142857142857, 0.6703296703296703, 0.603021978021978, 0.6002747252747253], "validation_accuracy": [0.859504132231405, 0.6818181818181818, 0.6239669421487604, 0.6115702479338843]}