{"train_accuracy": [0.782967032967033, 0.6909340659340659, 0.6291208791208791, 0.5782967032967034], "validation_accuracy": [0.871900826446281, 0.6694214876033058, 0.5537190082644629, 0.49173553719008267]}