{"train_accuracy": [0.782967032967033, 0.6016483516483516, 0.5961538461538461], "validation_accuracy": [0.871900826446281, 0.5578512396694215, 0.5495867768595041], "validation_fitness": [0.7716883174878283, 0.9669421487603301, 1.0], "validation_precision": [0.9939713639788997, 0.812012012012012, 0.7873791927231382], "validation_simplicity": [0.92, 0.7846153846153847, 0.7647058823529413], "validation_harmonic_mean_fit_prec": [0.8688379731962668, 0.8827306032137543, 0.8810432569974554]}