{"train_accuracy": [0.782967032967033, 0.7802197802197802, 0.7321428571428571], "validation_accuracy": [0.871900826446281, 0.8636363636363636, 0.8140495867768595]}