{"train_accuracy": [0.7857142857142857, 0.7362637362637363], "validation_accuracy": [0.871900826446281, 0.8099173553719008]}